,df,sum_sq,mean_sq,F,PR(>F)
C(architecture),1.0,55.75407981726646,55.75407981726646,9856.275874062763,0.0
C(coupled),1.0,0.33689790032024963,0.33689790032024963,59.55723164711859,1.3799082865363037e-14
C(architecture):C(coupled),1.0,0.33907247184727063,0.33907247184727063,59.941655117982926,1.1372249127566609e-14
Residual,6076.0,34.37016103223917,0.005656708530651608,,
