,df,sum_sq,mean_sq,F,PR(>F)
C(architecture),1.0,3.524319601182219,3.524319601182219,1956.187987208201,0.0
C(coupled),1.0,0.7805288307834252,0.7805288307834252,433.2357150401512,5.2985186578410534e-93
C(architecture):C(coupled),1.0,0.07798220215919244,0.07798220215919244,43.28433977119502,5.129033999636088e-11
Residual,6076.0,10.946681012668979,0.001801626236449799,,
