,df,sum_sq,mean_sq,F,PR(>F)
C(architecture),1.0,64.12103625069086,64.12103625069086,11808.14076156793,0.0
C(coupled),1.0,0.36217892245386685,0.36217892245386685,66.69667159601117,3.8183362489228605e-16
C(architecture):C(coupled),1.0,0.31462601158996467,0.31462601158996467,57.939616221735314,3.11516644743384e-14
Residual,6076.0,32.99413719111739,0.005430239827372842,,
